UNA Brand,Region,ASIN,Competitor Brand,UNA ASIN,has_competitor
Mydethun,US,B074QM7756,,,0
Jocuu,US,B07RJBMWF6 ,,,0
Inaya,US,B07VV5RKM7,,,0
Inaya,US,B07XSFVT1Z,,,0
Kadams,US,B07P33499R,,,0
Kadams,US,B078B631T7,,,0
Bellaforte,US,B08F511J3B,,,0
Bellaforte,US,B081JMDNK4,,,0
Bellaforte,US,B07XP3MCVB,,,0
Bellaforte,US,B07XJPPF8H,,,0
Bellaforte,US,B0856YXMHP,,,0
Unjumbly,US,B0895VHXZ9,,,0
Samuel World,US,B0868B3HN2,,,0
Samuel World,US,B0868BCWMB,,,0
Samuel World,US,B01HVFXOZY,,,0
Samuel World,US,B074M13VK4,,,0
Samuel World,US,B01LZFHTIV,,,0
Samuel World,US,B073CK22JZ,,,0
Gobam,US,B07Q1CH8CB,,,0
Gobam,US,B07PWX8XNL,,,0
Gobam,US,B07PZ2X1T1,,,0
Gobam,US,B07PY3TW9R,,,0
Gobam,US,B07NQMD2QL,,,0
Gobam,US,B07F9PHMLX,,,0
Gobam,US,B0895FCDCM,,,0
Gobam,US,B08QGW2TF2,,,0
Gobam,US,B07F9HG655,,,0
Gobam,US,B07F9N7SPS,,,0
Gobam,US,B07H17HNFP,,,0
Gobam,US,B07RKMBTSH,,,0
Gobam,US,B0895CGLF1,,,0
Gobam,US,B083J14855,,,0
Gobam,US,B07FCYYXNX,,,0
Gobam,US,B09M3KVD97,,,0
Gobam,US,B07PZ5B6TT,,,0
Gobam,US,B08H58MKS8,,,0
Gobam,US,B07F8QJ6H2,,,0
Gobam,US,B07F8QPCQP,,,0
Gobam,US,B07QYT4T4V,,,0
Gobam,US,B08H5BN98Q,,,0
Gobam,US,B07F9GW2MR,,,0
Gobam,US,B08L5X3CRC,,,0
Gobam,US,B08L5WWHQR,,,0
Gobam,US,B08XYQH3ZS,,,0
Gobam,US,B07F9RQ52B,,,0
Gobam,US,B08RYL12KW,,,0
Gobam,US,B0B6W2NGCX,,,0
Gobam,US,B0B6W7N5XD,,,0
Gobam,US,B0B6VWJVZV,,,0
Hook-eze,US,B01MCVZ48A,,,0
Hook-eze,US,B06WD2YZZP,,,0
Hook-eze,US,B071D6534C,,,0
Hook-eze,US,B071R3Y2S3,,,0
Hook-eze,US,B08V8VN7JT,,,0
Gobam,US,B01N1HZYWZ,,,0
Bellaforte,AU,B07XJPPF8H,,,0
Bellaforte,CA,B07XJPPF8H,,,0
Bellaforte,MX,B07XJPPF8H,,,0
Bellaforte,US,B07XKTP16M,,,0
Bellaforte,US,B07XKTPT84,,,0
Bellaforte,US,B07XKTSV1P,,,0
Bellaforte,US,B07XKTVHDZ,,,0
Bellaforte,US,B07XP359XG,,,0
Bellaforte,AU,B07XP3MCVB,,,0
Bellaforte,CA,B07XP3MCVB,,,0
Bellaforte,MX,B07XP3MCVB,,,0
Bellaforte,US,B07XP5HYT9,,,0
Bellaforte,AU,B07XP87LMM,,,0
Bellaforte,CA,B07XP87LMM,,,0
Bellaforte,MX,B07XP87LMM,,,0
Bellaforte,US,B07XP87LMM,,,0
Bellaforte,AU,B081JMDNK4,,,0
Bellaforte,CA,B081JMDNK4,,,0
Bellaforte,MX,B081JMDNK4,,,0
Bellaforte,US,B084RQ1HK3,,,0
Bellaforte,AU,B0856VWX94,,,0
Bellaforte,CA,B0856VWX94,,,0
Bellaforte,MX,B0856VWX94,,,0
Bellaforte,US,B0856VWX94,,,0
Bellaforte,US,B0856WQGXR,,,0
Bellaforte,US,B0856YXMHP,,,0
Bellaforte,AU,B0856Z5DW4,,,0
Bellaforte,CA,B0856Z5DW4,,,0
Bellaforte,MX,B0856Z5DW4,,,0
Bellaforte,US,B0856Z5DW4,,,0
Bellaforte,US,B08574KHT5,,,0
Bellaforte,AU,B08F511J3B,,,0
Bellaforte,CA,B08F511J3B,,,0
Bellaforte,MX,B08F511J3B,,,0
Bellaforte,US,B08F7G66TF,,,0
Bellaforte,US,B08F7WJDJ6,,,0
Bellaforte,US,B0B7J4JGNY,,,0
Bellaforte,US,B0B7JBYKRC,,,0
Bellaforte,US,B0BDLYDFQY,,,0
Bellaforte,US,B0BKKH41QD,,,0
Bellaforte,US,B0BNMY6VCR,,,0
Bellaforte,US,B0BNMYZTK9,,,0
Bellaforte,US,B0BNMZ5BV8,,,0
Bellaforte,US,B0BNN1CLYH,,,0
Finerware,US,B076P3TSPL,,,0
Finerware,US,B079YVHZ9P,,,0
Finerware,US,B07CCFZCBJ,,,0
Finerware,MX,B07CYZKDCW,,,0
Finerware,UK,B07CYZKDCW,,,0
Finerware,US,B07CYZKDCW,,,0
Finerware,US,B07NY9FL2H,,,0
Finerware,US,B07S1DYPT5,,,0
Finerware,US,B085958MWH,,,0
Finerware,US,B0949RMJH9,,,0
Finerware,US,B0B9SRHXXT,,,0
Finerware,US,B0B9SSN1Z3,,,0
Finerware,US,B0B9T463CT,,,0
Finerware,US,B0B9T7QFLH,,,0
Finerware,US,B0B9T8CC54,,,0
Finerware,US,B0BJFHTYHS,,,0
Finerware,US,B0BJFL36PR,,,0
Finerware,US,B0BJH6YLPD,,,0
Finerware,US,B0BJHCL9VF,,,0
Finerware,US,B0BJHCMCGQ,,,0
Gobam,US,B01K48SDME,,,0
Gobam,US,B01K49X4CW,,,0
Gobam,US,B01K4AN0JS,,,0
Gobam,US,B01N1HZYWZ,,,0
Gobam,US,B071GNPZG6,,,0
Gobam,US,B071WWLVSC,,,0
Gobam,US,B071X6V4W4,,,0
Gobam,US,B0721BQ2YP,,,0
Gobam,US,B0721MVK6G,,,0
Gobam,US,B0721PK3B7,,,0
Gobam,US,B072KJXJBX,,,0
Gobam,US,B07F8QJ6H2,,,0
Gobam,US,B07F8QPCQP,,,0
Gobam,US,B07F9GW2MR,,,0
Gobam,US,B07F9HG655,,,0
Gobam,US,B07F9N7SPS,,,0
Gobam,US,B07F9PHMLX,,,0
Gobam,US,B07F9RQ52B,,,0
Gobam,US,B07FCYYXNX,,,0
Gobam,US,B07H14ZQBN,,,0
Gobam,US,B07H158N9J,,,0
Gobam,US,B07H17HNFP,,,0
Gobam,US,B07NQMD2QL,,,0
Gobam,US,B07PWX8XNL,,,0
Gobam,US,B07PY3TW9R,,,0
Gobam,US,B07PZ2X1T1,,,0
Gobam,US,B07PZ5B6TT,,,0
Gobam,US,B07Q1CH8CB,,,0
Gobam,US,B07QWRWZDY,,,0
Gobam,US,B07QWS1WW9,,,0
Gobam,US,B07QWT7FQD,,,0
Gobam,US,B07QYT4T4V,,,0
Gobam,US,B07R2MP7TB,,,0
Gobam,US,B07R4H2Y42,,,0
Gobam,US,B07R8NR9SX,,,0
Gobam,US,B07RKMBTSH,,,0
Gobam,US,B07RNK6H5L,,,0
Gobam,US,B07RPLVHWJ,,,0
Gobam,US,B07RPM17KW,,,0
Gobam,US,B07RSPF3B1,,,0
Gobam,US,B07RTWXPP1,,,0
Gobam,US,B081C8KJ8B,,,0
Gobam,US,B082K725HJ,,,0
Gobam,US,B082KKB463,,,0
Gobam,US,B083J14855,,,0
Gobam,US,B083J19MTR,,,0
Gobam,US,B083J1CW78,,,0
Gobam,US,B085HMCLKN,,,0
Gobam,US,B085HPN261,,,0
Gobam,US,B088PGXRTQ,,,0
Gobam,US,B088PH3765,,,0
Gobam,US,B0895CGLF1,,,0
Gobam,US,B0895FCDCM,,,0
Gobam,US,B089NDJ4JX,,,0
Gobam,US,B08H58MKS8,,,0
Gobam,US,B08H5BN98Q,,,0
Gobam,US,B08HYXJ7BQ,,,0
Gobam,US,B08L5WWHQR,,,0
Gobam,US,B08L5X3CRC,,,0
Gobam,US,B08QGW2TF2,,,0
Gobam,US,B08RYL12KW,,,0
Gobam,US,B08T5VFXXG,,,0
Gobam,US,B08T961J7X,,,0
Gobam,US,B08T96LVCG,,,0
Gobam,US,B08XYQH3ZS,,,0
Gobam,US,B097D5RHFY,,,0
Gobam,US,B09DYMF28T,,,0
Gobam,US,B09M3KVD97,,,0
Gobam,US,B09PFS61YV,,,0
Gobam,US,B0B6VWJVZV,,,0
Gobam,US,B0B6W2NGCX,,,0
Gobam,US,B0B6W7N5XD,,,0
Gobam,US,B0BBM79TG1,,,0
Gobam,US,B0BBM9RXDD,,,0
Gobam,US,B0BBMB4164,,,0
Gobam,US,B0BBMBQ823,,,0
Hookeze,US,B0BPXFX4WM,,,0
Hookeze,US,B0BPXH4JWD,,,0
Hookeze,US,B0BPXJ4PX4,,,0
Inaya,US,B07VV5RKM7,,,0
Inaya,US,B07W1C5Z76,,,0
Inaya,US,B07W3JS1LL,,,0
Inaya,US,B07XSFVT1Z,,,0
Inaya,US,B08192L14T,,,0
Inaya,US,B083FV9T2P,,,0
Inaya,US,B086X64HRM,,,0
Inaya,US,B08Q6X9YDY,,,0
Inaya,US,B08RQRZ1J1,,,0
Inaya,US,B09GRTB7MK,,,0
Inaya,US,B09GYM6DKV,,,0
Inaya,US,B09Z656F4S,,,0
Inaya,US,B0B1V8KCVD,,,0
Inaya,US,B0B1V94K9L,,,0
Inaya,US,B0B1VBY7WB,,,0
Inaya,US,B0B1VC2881,,,0
Inaya,US,B0B4P1YYWL,,,0
Inaya,US,B0B4P271HQ,,,0
Inaya,US,B0BCJZNYDN,,,0
Inaya,US,B0BCKP78D3,,,0
Inaya,US,B0BCWNW5G6,,,0
Inaya,US,B0BCWV8LWG,,,0
Inaya,US,B0BCWVZ87V,,,0
Jocuu,US,B07RJBMWF6,,,0
Jocuu,US,B07WDGW5J4,,,0
Jocuu,US,B081XKMTGF,,,0
Jocuu,US,B08398GL2C,,,0
Jocuu,US,B08699M2Q3,,,0
Jocuu,US,B088K3VLNC,,,0
Jocuu,US,B088K6H8KK,,,0
Jocuu,US,B088Q7YFWG,,,0
Jocuu,US,B089QP1T3Y,,,0
Jocuu,US,B089SRYW7P,,,0
Jocuu,US,B089SSCH1Q,,,0
Jocuu,US,B089SSPPXW,,,0
Jocuu,US,B08CZMP1LJ,,,0
Jocuu,US,B08GS462Z2,,,0
Jocuu,US,B08XPDZHZ1,,,0
Jocuu,US,B08YY91RZ9,,,0
Jocuu,US,B08ZXDMTTY,,,0
Jocuu,US,B097SRV536,,,0
Jocuu,US,B097YNM7B6,,,0
Jocuu,US,B097YNTRJT,,,0
Jocuu,US,B09MTKTP32,,,0
Jocuu,US,B0B5TC4RPD,,,0
Jocuu,US,B0B5TFSGQB,,,0
Jocuu,US,B0B5THSZC7,,,0
Jocuu,US,B0BHYMN6BR,,,0
Jocuu,US,B0BHYN489J,,,0
Jocuu,US,B0BJ1XY23V,,,0
Juju,US,B09T5NDGNL,,,0
Juju,US,B09T5TWLV3,,,0
Juju,US,B09T5V4FV2,,,0
Juju,US,B09T62525C,,,0
Juju,US,B09T627ZXK,,,0
Juju,US,B09T67XHS8,,,0
Juju,US,B09T6813VH,,,0
Juju,US,B09T6P7YK4,,,0
Kadams,US,B06ZXRZ36R,,,0
Kadams,US,B075SYFNBH,,,0
Kadams,US,B078B631T7,,,0
Kadams,US,B078XQ7VN6,,,0
Kadams,US,B078XR3B7L,,,0
Kadams,US,B07DFB8N73,,,0
Kadams,US,B07J5XVFPK,,,0
Kadams,US,B07J9PMQGL,,,0
Kadams,US,B07L6HHJM4,,,0
Kadams,US,B07NVB5KQQ,,,0
Kadams,US,B07P33499R,,,0
Kadams,US,B07QJFYV96,,,0
Kadams,US,B07QKJ4QFV,,,0
Kadams,US,B07V5T81FN,,,0
Kadams,US,B07V6VVD77,,,0
Kadams,US,B07V95V633,,,0
Kadams,US,B07YXGYWW4,,,0
Kadams,US,B08JCLMTXX,,,0
Kadams,US,B09DK7P527,,,0
Kadams,US,B0B4JC7T1N,,,0
Kadams,US,B0B4JDVNRH,,,0
Kadams,US,B0B4JMMSGN,,,0
Kadams,US,B0B4JP4D8B,,,0
Kadams,US,B0B4JQ4SCN,,,0
Kadams,US,B0BCDGR6Z8,,,0
Kadams,US,B0BCF4SKD8,,,0
Marvable_ErgoTune,US,B09RK5NGVD,,,0
Marvable_ErgoTune,US,B09RMPP7YL,,,0
Marvable_ErgoTune,US,B09RMQ447M,,,0
Marvable_ErgoTune,US,B09RN21K15,,,0
Marvable_ErgoTune,US,B0BCVVV25G,,,0
Marvable_ErgoTune,US,B0BCVWXT3G,,,0
Mydethun,US,B074QM7756,,,0
Mydethun,US,B074SF11JZ,,,0
Mydethun,US,B075JHP7TK,,,0
Mydethun,US,B075NRHJPG,,,0
Mydethun,US,B076ZG7V8C,,,0
Mydethun,US,B07BFSHRP3,,,0
Mydethun,US,B07BFSXNJH,,,0
Mydethun,US,B07BFSZ7ZZ,,,0
Mydethun,US,B07C232ZGV,,,0
Mydethun,US,B07QB18QPX,,,0
Mydethun,US,B07QBZYYPG,,,0
Mydethun,US,B07QC1HC5L,,,0
Mydethun,US,B07QC1JXKX,,,0
Mydethun,US,B08XVQQ14Q,,,0
Mydethun,US,B08XW11XSW,,,0
Mydethun,US,B08Z2Y3X6R,,,0
Mydethun,US,B091HJW1K8,,,0
Mydethun,US,B0937B3L2R,,,0
Mydethun,US,B0BCW3DS2Y,,,0
Mydethun,US,B0BCW5QHPY,,,0
Mydethun,US,B0BCWBJ8M3,,,0
Mydethun,US,B0BCWCCV3T,,,0
Mydethun,US,B0BCWDZWLR,,,0
Mydethun,US,B0BCWKJXT6,,,0
Mydethun,US,B0BD8CKVYS,,,0
Mydethun,US,B0BHNLGSSS,,,0
Samuel World,US,B01HVFXOZY,,,0
Samuel World,CA,B073CK22JZ,,,0
Samuel World,US,B074M13VK4,,,0
Samuel World,US,B07SCZLYDR,,,0
Samuel World,US,B083H6SM9G,,,0
Samuel World,CA,B0868B3HN2,,,0
Samuel World,MX,B0868B3HN2,,,0
Samuel World,US,B0868BCWMB,,,0
Samuel World,CA,B08T1HRLSV,,,0
Samuel World,MX,B08T1HRLSV,,,0
Samuel World,US,B08T1HRLSV,,,0
Samuel World,US,B08T25LJ2L,,,0
Samuel World,US,B0BC93G3Y6,,,0
Samuel World,US,B0BCNTKDSH,,,0
Samuel World,US,B0BGLGL8SD,,,0
Samuel World,US,B0BLCM7JB3,,,0
Samuel World,US,B0BLCP5VWH,,,0
Samuel World,US,B0BLCXT7GS,,,0
TSM,US,B09TKJ4FSC,,,0
TSM,US,B0B2Q3YYCB,,,0
TSM,US,B0B2Q5138T,,,0
TSM,US,B0B2QJRXZF,,,0
Unjumbly,US,B01ANEI1G2,,,0
Unjumbly,US,B01LXVSNBZ,,,0
Unjumbly,US,B01MAWLU1L,,,0
Unjumbly,US,B078HGH7PX,,,0
Unjumbly,US,B0895VHXZ9,,,0
Unjumbly,US,B09BZJL4DY,,,0
Unjumbly,US,B0B34Q83YD,,,0
Unjumbly,US,B0B5641F38,,,0
Unjumbly,US,B0B63CPX56,,,0
Unjumbly,US,B0B63KNZTC,,,0
Unjumbly,US,B0B6N58DP4,,,0
Unjumbly,US,B0B8CKVXRM,,,0
Unjumbly,US,B0B8CMGBYX,,,0
Unjumbly,US,B0B9RBZ4MK,,,0
Unjumbly,US,B0B9RC7G8H,,,0
Unjumbly,US,B0BBTP46GX,,,0
Unjumbly,US,B0BF9M6SMG,,,0
Unjumbly,US,B0BJDHFWKJ,,,0
Unjumbly,US,B0BPG464C4,,,0
Unjumbly,US,B0BPG5YGQS,,,0
Unjumbly,US,B0BPG83ZHC,,,0
Velener,US,B01DEO5KE4,,,0
Velener,US,B01DET8BBI,,,0
Velener,US,B01DETAZB2,,,0
Velener,US,B01DU1AQ36,,,0
Velener,US,B01EP3DT2I,,,0
Velener,US,B01LZ7ZFLH,,,0
Velener,US,B01M0IXSCL,,,0
Velener,US,B01MD1PJK4,,,0
Velener,US,B07662TKPG,,,0
Velener,US,B07662WVPD,,,0
Velener,US,B0768XP26K,,,0
Velener,US,B07M6V5QX9,,,0
Velener,US,B07MPNHJRF,,,0
Velener,US,B081LR9HFP,,,0
Velener,US,B081LS3QH2,,,0
Velener,US,B089N62XN5,,,0
Velener,US,B08B85VQ2D,,,0
Velener,US,B08HCLLS99,,,0
Velener,US,B08HQDWZDQ,,,0
Velener,US,B08L3D57LY,,,0
Velener,US,B08L5ZZGCP,,,0
Velener,US,B08L62R3S9,,,0
Velener,US,B08XJ3CD8J,,,0
Velener,US,B0912FGJZP,,,0
Velener,US,B0922B4Z1Q,,,0
Velener,US,B0922B4Z1S,,,0
Velener,US,B092LXX314,,,0
Velener,US,B0BCQFXQ9N,,,0
Velener,US,B0BDLW6CMS,,,0
Velener,US,B0BDLZGY88,,,0
Viverie,US,B07PCPBX46,,,0
Viverie,DE,B09NBXRRRN,,,0
Viverie,UK,B09NBXRRRN,,,0
Viverie,DE,B09NBXQSL7,,,0
Viverie,UK,B09NBXQSL7,,,0
Viverie,DE,B0BCKVF1SN,,,0
Viverie,UK,B0BCKVF1SN,,,0
Viverie,DE,B0BCKVL1X2,,,0
Viverie,UK,B0BCKVL1X2,,,0
Viverie,DE,B0BCKL7Z3M,,,0
Viverie,UK,B0BCKL7Z3M,,,0
Viverie,DE,B0BCHYWX6N,,,0
Viverie,UK,B0BCHYWX6N,,,0
Viverie,DE,B08JC4VD7Z,,,0
Viverie,UK,B08JC4VD7Z,,,0
Viverie,DE,B09445N4LR,,,0
Viverie,UK,B09445N4LR,,,0
Viverie,DE,B0BCJ9VDDT,,,0
Viverie,UK,B0BCJ9VDDT,,,0
Viverie,DE,B0BCJCYL5V,,,0
Viverie,UK,B0BCJCYL5V,,,0
Yangqihome,US,B07KG88ZLG,,,0
Yangqihome,US,B07KG9P2ML,,,0
Yangqihome,US,B07KGC22WY,,,0
Yangqihome,US,B07KGCJ616,,,0
Yangqihome,US,B07KGDLZ6M,,,0
Yangqihome,US,B07KGF97MJ,,,0
Yangqihome,US,B07L84QGSF,,,0
Yangqihome,US,B07RPJ3MT3,,,0
Yangqihome,US,B07RTQPB21,,,0
Yangqihome,US,B07S7DCXX7,,,0
Yangqihome,US,B07S7DXF2P,,,0
Yangqihome,US,B07S8CSK21,,,0
Yangqihome,US,B07S9DVFCJ,,,0
Yangqihome,US,B07S9G29G7,,,0
Yangqihome,US,B07T28S6MZ,,,0
Yangqihome,US,B07T3DPTHY,,,0
Yangqihome,US,B07T9LYWSW,,,0
Yangqihome,US,B07T9M8M4N,,,0
Yangqihome,US,B07TBL1KXX,,,0
Yangqihome,US,B07TBMWQGW,,,0
Yangqihome,US,B07TCMYFPP,,,0
Yangqihome,US,B07TCPBSL7,,,0
Yangqihome,US,B07TGTQTFG,,,0
Yangqihome,US,B07V5C41DD,,,0
Yangqihome,US,B07WFMMKML,,,0
Yangqihome,US,B07WGYNQFV,,,0
Yangqihome,US,B07WZF2GCZ,,,0
Yangqihome,US,B07X8JHL1H,,,0
Yangqihome,US,B07XCQSJFH,,,0
Yangqihome,US,B07XCQV1NP,,,0
Yangqihome,US,B07Z3JYCJL,,,0
Yangqihome,US,B07ZQ89XT2,,,0
Yangqihome,US,B07ZQ98KZY,,,0
Yangqihome,US,B07ZQ9N2GG,,,0
Yangqihome,US,B07ZQ9SDCH,,,0
Yangqihome,US,B081YJ7MRL,,,0
Yangqihome,US,B082S98273,,,0
Yangqihome,US,B082S9GLM2,,,0
Yangqihome,US,B083X68FCQ,,,0
Yangqihome,US,B083XK5XKY,,,0
Yangqihome,US,B083XQ9NHV,,,0
Yangqihome,US,B083XR2KD7,,,0
Yangqihome,US,B083XSGDBZ,,,0
Yangqihome,US,B083XSV25Q,,,0
Yangqihome,US,B083XW9NS1,,,0
Yangqihome,US,B085HHTQFR,,,0
Yangqihome,US,B085HMNDFM,,,0
Yangqihome,US,B085HPK9GL,,,0
Yangqihome,US,B085HS57PF,,,0
Yangqihome,US,B086C21T3F,,,0
Yangqihome,US,B086C8LS1B,,,0
Yangqihome,US,B089SJ46KM,,,0
Yangqihome,US,B08BC4R8Z8,,,0
Yangqihome,US,B08BHJLVQR,,,0
Yangqihome,US,B08BHMRYHQ,,,0
Yangqihome,US,B08BNDTC8Z,,,0
Yangqihome,US,B08BNJVJY6,,,0
Yangqihome,US,B08BNLTJP9,,,0
Yangqihome,US,B08C4W2WXR,,,0
Yangqihome,US,B08C9F9BQH,,,0
Yangqihome,US,B08C9SYXST,,,0
Yangqihome,US,B08CDDXDRM,,,0
Yangqihome,US,B08CDQZXYJ,,,0
Yangqihome,US,B08CGY1P2G,,,0
Yangqihome,US,B08CMFV6RS,,,0
Yangqihome,US,B08CMTNYR8,,,0
Yangqihome,US,B08CZGNJPH,,,0
Yangqihome,US,B08DCZSW9K,,,0
Yangqihome,US,B08FC5PKLY,,,0
Yangqihome,US,B08FC68181,,,0
Yangqihome,US,B08FDLDVJZ,,,0
Yangqihome,US,B08FHT6VNM,,,0
Yangqihome,US,B08FR65DVD,,,0
Yangqihome,US,B08FSL8MBX,,,0
Yangqihome,US,B08G8GHSK1,,,0
Yangqihome,US,B08G8HQBHS,,,0
Yangqihome,US,B08GLG58K4,,,0
Yangqihome,US,B08GLH87X8,,,0
Yangqihome,US,B08GLY1DKR,,,0
Yangqihome,US,B08GLY1KW8,,,0
Yangqihome,US,B08H23QCFH,,,0
Yangqihome,US,B08HVGGR8T,,,0
Yangqihome,US,B08HYZY9Z5,,,0
Yangqihome,US,B08HZ27FQ4,,,0
Yangqihome,US,B08JLD8YKG,,,0
Yangqihome,US,B08JLVS11D,,,0
Yangqihome,US,B08K36FCG3,,,0
Yangqihome,US,B08K77Q7TT,,,0
Yangqihome,US,B08K781K9N,,,0
Yangqihome,US,B08KG1NGJR,,,0
Yangqihome,US,B08KG73YYS,,,0
Yangqihome,US,B08KGFFRNJ,,,0
Yangqihome,US,B08KZD92DV,,,0
Yangqihome,US,B08KZVJYYH,,,0
Yangqihome,US,B08N4C85QB,,,0
Yangqihome,US,B08N4V9F2H,,,0
Yangqihome,US,B08N52MJ9P,,,0
Yangqihome,US,B08NBW5V3G,,,0
Yangqihome,US,B08NC2ZNCB,,,0
Yangqihome,US,B08P17MV58,,,0
Yangqihome,US,B08PTQKR46,,,0
Yangqihome,US,B08RRRJD6V,,,0
Yangqihome,US,B0936MP1ZP,,,0
Yangqihome,US,B093FHQSCS,,,0
Yangqihome,US,B093FJHJ77,,,0
Yangqihome,US,B093FKT1MG,,,0
Yangqihome,US,B094VHH15J,,,0
Yangqihome,US,B094VN4BZW,,,0
Yangqihome,US,B094XYZ48Q,,,0
Yangqihome,US,B098X33GL5,,,0
Yangqihome,US,B098X8NHZ2,,,0
Yangqihome,US,B099DC5G78,,,0
Yangqihome,US,B099DQZ1MP,,,0
Yangqihome,US,B09B78CZY7,,,0
Yangqihome,US,B09H2R447V,,,0
Yangqihome,US,B09H2RFCXY,,,0
Yangqihome,US,B09LQQ19TT,,,0
Yangqihome,US,B09MY68412,,,0
Yangqihome,US,B09NKTRMR9,,,0
Yangqihome,US,B09SHK9Y71,,,0
Yangqihome,US,B09SHKPQ2C,,,0
Yangqihome,US,B09SHML2LM,,,0
Yangqihome,US,B09SHN5JWD,,,0
Yangqihome,US,B09Y8V9VZY,,,0
Yangqihome,US,B09Y8VL4N1,,,0
Yangqihome,US,B09YD1MYTQ,,,0
Yangqihome,US,B09YD2B9TV,,,0
Yangqihome,US,B09YR2CFCD,,,0
Yangqihome,US,B09YR2T45R,,,0
Yangqihome,US,B09ZYB2HHC,,,0
Yangqihome,US,B09ZYBKBLJ,,,0
Yangqihome,US,B0B1DNG2TD,,,0
Yangqihome,US,B0B1PCQXD6,,,0
Yangqihome,US,B0B1PPD1C7,,,0
Yangqihome,US,B0B2JFK2JR,,,0
Yangqihome,US,B0B2JK173J,,,0
Yangqihome,US,B0B4VBK24N,,,0
Yangqihome,US,B0B4VDMZH8,,,0
Yangqihome,US,B0B4VDR9PT,,,0
Yangqihome,US,B0B4VF3PHS,,,0
Yangqihome,US,B0B6C1MGS9,,,0
Yangqihome,US,B0B6C3J9HW,,,0
Yangqihome,US,B0BG4SXS2V,,,0
Zoo Snoods,US,B01L82MV3W,,,0
Zoo Snoods,US,B01L82MVX2,,,0
Zoo Snoods,US,B01L82MW3Q,,,0
Zoo Snoods,US,B01L82MX30,,,0
Zoo Snoods,CA,B01L82MYT8,,,0
Zoo Snoods,MX,B01L82MYT8,,,0
Zoo Snoods,US,B01L82MYT8,,,0
Zoo Snoods,CA,B01L82MZ1K,,,0
Zoo Snoods,US,B01L82MZ1K,,,0
Zoo Snoods,CA,B01L82MZNS,,,0
Zoo Snoods,US,B01L82MZNS,,,0
Zoo Snoods,CA,B01L82N00K,,,0
Zoo Snoods,US,B01L82N00K,,,0
Zoo Snoods,CA,B01L82N0WI,,,0
Zoo Snoods,US,B01L82N0WI,,,0
Zoo Snoods,CA,B01L82N11S,,,0
Zoo Snoods,US,B01L82N11S,,,0
Zoo Snoods,US,B01L82N2M6,,,0
Zoo Snoods,US,B01L82N30M,,,0
Zoo Snoods,US,B01L82N3RA,,,0
Zoo Snoods,US,B01L82N442,,,0
Zoo Snoods,US,B01L82N4RE,,,0
Zoo Snoods,US,B01L82N4WO,,,0
Zoo Snoods,US,B01L82N6FY,,,0
Zoo Snoods,CA,B01L82N6SG,,,0
Zoo Snoods,US,B01L82N6SG,,,0
Zoo Snoods,US,B01L82N7JO,,,0
Zoo Snoods,CA,B01L82N7SU,,,0
Zoo Snoods,US,B01L82N7SU,,,0
Zoo Snoods,US,B01L82N8IE,,,0
Zoo Snoods,CA,B01L82N92E,,,0
Zoo Snoods,US,B01L82N92E,,,0
Zoo Snoods,US,B01L82NA8W,,,0
Zoo Snoods,US,B01L82NAY6,,,0
Zoo Snoods,US,B01L82NB4K,,,0
Zoo Snoods,US,B01L82NC7G,,,0
Zoo Snoods,US,B01L82NCA8,,,0
Zoo Snoods,US,B01L82NDAC,,,0
Zoo Snoods,US,B01L82NDZ2,,,0
Zoo Snoods,US,B01L82NF28,,,0
Zoo Snoods,US,B01L82NF3M,,,0
Zoo Snoods,US,B01L82NG7C,,,0
Zoo Snoods,US,B01L82NG8G,,,0
Zoo Snoods,US,B01L82NHIA,,,0
Zoo Snoods,US,B01L82NICA,,,0
Zoo Snoods,US,B01L82NJHE,,,0
Zoo Snoods,CA,B01L82NKGY,,,0
Zoo Snoods,MX,B01L82NKGY,,,0
Zoo Snoods,US,B01L82NKGY,,,0
Zoo Snoods,CA,B01L82NLN6,,,0
Zoo Snoods,MX,B01L82NLN6,,,0
Zoo Snoods,US,B01L82NLN6,,,0
Zoo Snoods,US,B074QVXKSY,,,0
Zoo Snoods,US,B074QW2M3J,,,0
Zoo Snoods,US,B074QX34TL,,,0
Zoo Snoods,US,B07L43BQWK,,,0
Zoo Snoods,US,B07L44C289,,,0
Zoo Snoods,US,B07L44RMKB,,,0
Zoo Snoods,US,B07L45JSG4,,,0
Zoo Snoods,US,B07L45KMB4,,,0
Zoo Snoods,US,B07L46RYF8,,,0
Zoo Snoods,CA,B089T79FK8,,,0
Zoo Snoods,US,B089T79FK8,,,0
Zoo Snoods,CA,B089T7RX7L,,,0
Zoo Snoods,US,B089T7RX7L,,,0
Zoo Snoods,CA,B089T7Y7QB,,,0
Zoo Snoods,US,B089T7Y7QB,,,0
Zoo Snoods,CA,B089T8ZW62,,,0
Zoo Snoods,US,B089T8ZW62,,,0
Zoo Snoods,CA,B089T91LLN,,,0
Zoo Snoods,US,B089T91LLN,,,0
Zoo Snoods,CA,B089T9FTXQ,,,0
Zoo Snoods,US,B089T9FTXQ,,,0
Zoo Snoods,US,B091ZM6QLB,,,0
Zoo Snoods,US,B09218YNQH,,,0
Zoo Snoods,US,B09219JP83,,,0
Zoo Snoods,US,B0921BD48R,,,0
Zoo Snoods,US,B0921D8YGQ,,,0
Zoo Snoods,US,B0921FP4GM,,,0
Zoo Snoods,US,B0921FQY6J,,,0
Zoo Snoods,US,B0921PW2JC,,,0
Zoo Snoods,US,B0921QTHW4,,,0
Zoo Snoods,US,B0921RQ6W7,,,0
Zoo Snoods,US,B0921RRKH8,,,0
Zoo Snoods,US,B0921RZYYC,,,0
Zoo Snoods,US,B0921W1XLN,,,0
Zoo Snoods,US,B0922423S5,,,0
Zoo Snoods,US,B0922471HK,,,0
Zoo Snoods,US,B0B4D5Z4F7,,,0
Zoo Snoods,US,B0B4D6RGYP,,,0
Zoo Snoods,US,B0B4D7189B,,,0
Zoo Snoods,US,B0B4D75NX7,,,0
Zoo Snoods,US,B0B4D79MGT,,,0
Zoo Snoods,US,B0B4D7XMDH,,,0
Zoo Snoods,US,B0BDL9NN84,,,0
Zoo Snoods,US,B0BDL9WMVH,,,0
Zoo Snoods,US,B0BDLD7N13,,,0
Zoo Snoods,US,B0BDLFW6LF,,,0
Zoo Snoods,US,B0BDLK4KTS,,,0
Zoo Snoods,US,B0BN92GBDC,,,0
Zoo Snoods,US,B0BN93HY6L,,,0
Zoo Snoods,US,B0BN9MND2J,,,0
Zoo Snoods,US,B0BDLGDH1C,,,0
Zoo Snoods,US,B0BDLCHGRD,,,0
Zoo Snoods,US,B0BN8YQSK4,,,0
Zoo Snoods,US,B0BN8Y6P46,,,0
Zoo Snoods,US,B0BN8WQD5S,,,0
Zoo Snoods,US,B0BN8XK4CB,,,0
Zoo Snoods,US,B0BN91T8Y7,,,0
Zoo Snoods,US,B0BN8YYHLC,,,0
Zoo Snoods,US,B0BN8YK1NV,,,0
Zoo Snoods,US,B0BN935FP4,,,0
Zoo Snoods,US,B0BN9CQRXQ,,,0
Bellaforte,US,B0BNW3QR8V,,,0
Hook-eze,US,B0BFWYPS45,,,0
Hook-eze,US,B0BHVRQW49,,,0
Finerware,US,B07S1DYPT5 ,,,0
Finerware,US,B07NY9FL2H ,,,0
Finerware,US,B07CYZKDCW ,,,0
Finerware,US,B0BR3C21VK ,,,0
Finerware,US,B07CCFZCBJ ,,,0
Kadams,US,B07DFB8N73,,,0
Viverie,US,B07PCPBX46,,,0
Viverie,US,B09NBXQSL7,,,0
Viverie,US,B09NBXRRRN,,,0
Velener,US,B08HCLLS99,,,0
Velener,US,B07662WVPD,,,0
Velener,US,B01DET8BBI,,,0
Inaya,US,B07W3JS1LL,,,0
Hookeze,US,B07CKBM1PP,,,0
Hookeze,US,B07BJCBC4S,,,0
Hookeze,US,B076BPT4PJ,,,0
Unjumbly,US,B01MAWLU1L,,,0
Unjumbly,US,B01ANEI1G2,,,0
Jocuu,US,B07RJBMWF6,,,0
Jocuu,US,B08YY91RZ9,,,0
Jocuu,US,B0BMM4K634,,,0
Finer Wares,US,B07S1DYPT5,,,0
Finer Wares,US,B07NY9FL2H,,,0
Finer Wares,US,B07CYZKDCW,,,0
Gobam,US,B0721BQ2YP,,,0
Gobam,US,B01K4AN0JS,,,0
Mydethun,US,B075JHP7TK,,,0
Mydethun,US,B075NRHJPG,,,0
Mydethun,US,B08XVQQ14Q,,,0
YangQiHome,US,B089SJ46KM,,,0
YangQiHome,US,B08CZGNJPH,,,0
YangQiHome,US,B08GLG58K4,,,0
Zoo Snoods,US,B0731GN6NH,,,0
Zoo Snoods,US,B089P2Y9RK,,,0
Zoo Snoods,US,B0731JTVXR,,,0
Samuel World,US,B08CH513LF,Rottay,B0868B3HN2,1
Samuel World,US,B08XWDXLGQ,Zalik,B0868B3HN2,1
Kadams,US,B0007DHU0S,Learning Resources,B07P33499R,1
Kadams,US,B09952YWHP,Wisoee,B078B631T7,1
Kadams,US,B09952YWHP,Wisoee,B07DFB8N73,1
Viverie,US,B09DS575W7,Cqure,B07PCPBX46,1
Viverie,US,B09DS575W7,Cqure,B09NBXQSL7,1
Viverie,US,B09DS575W7,Cqure,B09NBXRRRN,1
Velener,US,B015HHWKPI,Nearly Natural,B08HCLLS99,1
Velener,US,B07Q84G95T,Butterfly Craze,B07662WVPD,1
Velener,US,B085VJ9TGL,Der Rose,B01DET8BBI,1
Inaya,US,B013DUI046,Safety 1st,B07VV5RKM7,1
Inaya,US,B07GRNTXJZ,Benny Bradley'S,B07W3JS1LL,1
Inaya,US,B01K3SOW98,Eudemon,B07XSFVT1Z,1
Bellaforte,US,B01N5NMDG3,Scandinovia,B07XP3MCVB,1
Bellaforte,US,B08JD13LSJ,Us Acrylic,B081JMDNK4,1
Bellaforte,US,B08JD13LSJ,Us Acrylic,B07XP87LMM,1
Hookeze,US,B07WTZVMFF,Samsfx,B07CKBM1PP,1
Hookeze,US,B07WTZVMFF,Samsfx,B07BJCBC4S,1
Hookeze,US,B07WTZVMFF,Samsfx,B076BPT4PJ,1
Unjumbly,US,B001DTA6MY,Perfect Curve,B0895VHXZ9,1
Unjumbly,US,B0B99VKV8P,Fyy,B01MAWLU1L,1
Unjumbly,US,B089WJH8G7,Gorilla Grip,B01ANEI1G2,1
Jocuu,US,B09ZVF4JKC,Amzchef,B07RJBMWF6,1
Jocuu,US,B07T1CH2HH,Cosori,B08YY91RZ9,1
Jocuu,US,B005EPRFKO,Hamilton Beach,B0BMM4K634,1
Finer Wares,US,B085HFHW42,Indressme,B07NY9FL2H,1
Samuel World,US,B08CH513LF,Rottay,B0868B3HN2,1
Samuel World,US,B07GSSR5V2,Souper Cubes,B074M13VK4,1
Samuel World,US,B015NMLF3U,Weesprout,B01LZFHTIV,1
Mydethun,US,B095CFCZ7W,Jimei,B08XVQQ14Q,1
YangQiHome,US,B08ZN6FYWN,Cy Sisters,B089SJ46KM,1
YangQiHome,US,B07XHNBZND,Vintiquewise,B08CZGNJPH,1
YangQiHome,US,B0892H4PBV,Decrafts,B08GLG58K4,1
Zoo Snoods,US,B09MTJYYW6,Frienda,B0731GN6NH,1
Zoo Snoods,US,B09MTJYYW6,Frienda,B089P2Y9RK,1
Zoo Snoods,US,B09MTJYYW6,Frienda,B0731JTVXR,1
Kadams,US,B004DJ373G,Learning Resources,B07P33499R,1
Kadams,US,B09WJZGWBN,Ostar,B078B631T7,1
Kadams,US,B09WJZGWBN,Ostar,B07DFB8N73,1
Inaya,US,B07XL98KVG,Baitiny,B07VV5RKM7,1
Inaya,US,B07B47PDB4,Vmaisi,B07W3JS1LL,1
Inaya,US,B07DKNNCH1,Tuut,B07XSFVT1Z,1
Bellaforte,US,B07BY3863T,Scandinovia,B07XP3MCVB,1
Bellaforte,US,B01J7JVCHY,Vivocci,B081JMDNK4,1
Bellaforte,US,B01J7JVCHY,Vivocci,B07XP87LMM,1
Hookeze,US,B00PHRJOGC,Tyepro,B07CKBM1PP,1
Hookeze,US,B00PHRJOGC,Tyepro,B07BJCBC4S,1
Hookeze,US,B00PHRJOGC,Tyepro,B076BPT4PJ,1
Unjumbly,US,B0998D8R2Z,Flowraliki,B01MAWLU1L,1
Unjumbly,US,B01D58DRVC,Simple Houseware,B01ANEI1G2,1
Jocuu,US,B07G2MBM6L,Bodum,B08YY91RZ9,1
Jocuu,US,B07Z8G97PY,Black+Decker,B0BMM4K634,1
Finer Wares,US,B07PBXQNVD,Mintwood Design,B07NY9FL2H,1
Samuel World,US,B08XWDXLGQ,Zalik,B0868B3HN2,1
Samuel World,US,B015NMLF3U,Weesprout,B01LZFHTIV,1
Gobam,US,B095SBZDVQ,Domax,B01N1HZYWZ,1
Gobam,US,B07NY6X7QL,Honglida,B0721BQ2YP,1
Mydethun,US,B08SM28NDF,Aed,B075NRHJPG,1
Mydethun,US,B0925LXDSG,Tsrarey,B08XVQQ14Q,1
YangQiHome,US,B096VL5DFV,Decrafts,B08CZGNJPH,1
YangQiHome,US,B07MSK1CK7,Decrafts,B08GLG58K4,1
Kadams,US,B00CB9G7ZU,Beezee Kids,B07P33499R,1
Kadams,US,B09WYP3PJM,Betus,B078B631T7,1
Kadams,US,B09WYP3PJM,Betus,B07DFB8N73,1
Velener,US,B08WD56SWY,Amazon Basics,B08HCLLS99,1
Inaya,US,B00YKG2YS6,Safety 1st,B07VV5RKM7,1
Inaya,US,B07C2QFVT9,Vmaisi,B07W3JS1LL,1
Inaya,US,B07RVGYRL6,Wappa Baby,B07XSFVT1Z,1
Hookeze,US,B002QG07PY,Tie-Fast (Tiefa),B07CKBM1PP,1
Hookeze,US,B002QG07PY,Tie-Fast (Tiefa),B07BJCBC4S,1
Hookeze,US,B002QG07PY,Tie-Fast (Tiefa),B076BPT4PJ,1
Unjumbly,US,B08MBBSYMR,Dome Dock,B0895VHXZ9,1
Unjumbly,US,B07227PWVP,Amazon Basics,B01ANEI1G2,1
Jocuu,US,B08XGN42YT,Poliviar 7379,B08YY91RZ9,1
Jocuu,US,B0082HPSFU,Hamilton Beach,B0BMM4K634,1
Finer Wares,US,B09H59SQMP,Xuanguo,B07S1DYPT5,1
Finer Wares,US,B09BZNWTV9,Casaphoria,B07NY9FL2H,1
Samuel World,US,B08XWDXLGQ,Zalik,B0868B3HN2,1
Samuel World,US,B08BBYSK9J,Bangp,B074M13VK4,1
Samuel World,US,B0B38H2BBZ,Peunitory,B01LZFHTIV,1
Gobam,US,B096DWS2YB,Viewcare,B01N1HZYWZ,1
Mydethun,US,B092LX1KHZ,Streamlet,B08XVQQ14Q,1
YangQiHome,US,B09YCZ7NK1,Barien,B089SJ46KM,1
YangQiHome,US,B083HXQS1S,Sumnacon,B08CZGNJPH,1
YangQiHome,US,B09TSYZLS2,Chengu,B08GLG58K4,1
Zoo Snoods,US,B079211DT1,Zoni Pets,B0731GN6NH,1
Zoo Snoods,US,B079211DT1,Zoni Pets,B089P2Y9RK,1
Zoo Snoods,US,B079211DT1,Zoni Pets,B0731JTVXR,1
Kadams,US,B0BNL3CSX6,Newq,B07P33499R,1
Kadams,US,B07PPLJLG3,Mooas,B078B631T7,1
Kadams,US,B07PPLJLG3,Mooas,B07DFB8N73,1
Viverie,US,B09TSD9S7B,Zenida,B07PCPBX46,1
Viverie,US,B09TSD9S7B,Zenida,B09NBXQSL7,1
Viverie,US,B09TSD9S7B,Zenida,B09NBXRRRN,1
Velener,US,B01AC5F1SI,Pure Garden,B08HCLLS99,1
Inaya,US,B081MHWX2S,Toddleroo By North States,B07VV5RKM7,1
Inaya,US,B08PCZDV3G,Jetec,B07W3JS1LL,1
Inaya,US,B08KWM5RWG,Wappa Baby,B07XSFVT1Z,1
Bellaforte,US,B07FQTRKQG,Us Acrylic,B081JMDNK4,1
Bellaforte,US,B07FQTRKQG,Us Acrylic,B07XP87LMM,1
Hookeze,US,B0B5ZN8VJ8,Generic,B07CKBM1PP,1
Hookeze,US,B0B5ZN8VJ8,Generic,B07BJCBC4S,1
Hookeze,US,B0B5ZN8VJ8,Generic,B076BPT4PJ,1
Unjumbly,US,B09F69ZP7R,Binboov,B0895VHXZ9,1
Unjumbly,US,B09B9HZBQC,Booda Brand,B01MAWLU1L,1
Unjumbly,US,B07CG2R9ST,Simple Houseware,B01ANEI1G2,1
Jocuu,US,B0862Y8GT8,Omega,B07RJBMWF6,1
Jocuu,US,B077JBQZPX,Fellow,B08YY91RZ9,1
Jocuu,US,B08RQZ39WC,Mr. Coffee,B0BMM4K634,1
Finer Wares,US,B07PFZ8NC5,Destop,B07CYZKDCW,1
Samuel World,US,B08BBYSK9J,Bangp,B0868B3HN2,1
Samuel World,US,B08JQP4G5Q,Excnorm,B074M13VK4,1
Samuel World,US,B0B38H2BBZ,Peunitory,B01LZFHTIV,1
Gobam,US,B09V187NY8,Greehomede,B01K4AN0JS,1
Mydethun,US,B091B6TGWK,Nellsi,B08XVQQ14Q,1
YangQiHome,US,B09YCPD88T,Barien,B089SJ46KM,1
YangQiHome,US,B07QCCFG3X,Ilyapa,B08CZGNJPH,1
YangQiHome,US,B08QJ5JQ38,Greehomede,B08GLG58K4,1
Zoo Snoods,US,B09Q2SF2FG,Joicee,B0731GN6NH,1
Zoo Snoods,US,B08CVST4BJ,Star Wars,B089P2Y9RK,1
Zoo Snoods,US,B089Q43MRY,Kuoser,B0731JTVXR,1
Kadams,US,B08XM466D2,Secura,B07P33499R,1
Kadams,US,B0B2QRVP1N,Senicare,B078B631T7,1
Kadams,US,B0B2QRVP1N,Senicare,B07DFB8N73,1
Viverie,US,B08ZHT777T,Tiita,B07PCPBX46,1
Viverie,US,B08ZHT777T,Tiita,B09NBXQSL7,1
Viverie,US,B08ZHT777T,Tiita,B09NBXRRRN,1
Velener,US,B09MKLDR56,Dilatata,B07662WVPD,1
Inaya,US,B07WT5QDCS,Pandaear,B07VV5RKM7,1
Inaya,US,B079MB62SB,Suniry,B07W3JS1LL,1
Inaya,US,B07RP3ND5Z,Wappa Baby,B07XSFVT1Z,1
Bellaforte,US,B07YBKRB28,Le'Raze,B07XP3MCVB,1
Unjumbly,US,B092Z6LCSS,Romeda,B01MAWLU1L,1
Unjumbly,US,B01N2JICUM,Misslo,B01ANEI1G2,1
Jocuu,US,B0B4F9NSN5,Elite Gourmet,B07RJBMWF6,1
Jocuu,US,B09TB23QKJ,Mecity,B08YY91RZ9,1
Jocuu,US,B09G6NY2HL,Mulli,B0BMM4K634,1
Finer Wares,US,B088P4ZHXQ,Abenkle,B07S1DYPT5,1
Finer Wares,US,B07SJZQZQ4,Little Hippo,B07NY9FL2H,1
Finer Wares,US,B07Z7G7CK2,Winsharp,B07CYZKDCW,1
Gobam,US,B0895LNS7N,Muso Wood,B0721BQ2YP,1
Gobam,US,B09V187NY8,Greehomede,B01K4AN0JS,1
Mydethun,US,B08C4XMMZX,Mind-Glowing,B075JHP7TK,1
Mydethun,US,B09D9F795R,Bavcieu,B08XVQQ14Q,1
YangQiHome,US,B09N79D445,Bluewest,B089SJ46KM,1
YangQiHome,US,B083HXNM2R,Sumnacon,B08CZGNJPH,1
Zoo Snoods,US,B00JSMUONO,Rubie'S,B089P2Y9RK,1
Zoo Snoods,US,B094414FG1,Frieyss,B0731JTVXR,1
Kadams,US,B0BQW1GKK7,Yunbaoit,B07P33499R,1
Kadams,US,B0822H3SCP,Baldr,B078B631T7,1
Kadams,US,B0822H3SCP,Baldr,B07DFB8N73,1
Velener,US,B01IG7Y9RS,Eigramset,B08HCLLS99,1
Inaya,US,B09JDTRC9R,Safety 1st,B07VV5RKM7,1
Inaya,US,B07BXKN3MW,Vmaisi,B07W3JS1LL,1
Inaya,US,B004ECJWK4,Door Monkey,B07XSFVT1Z,1
Unjumbly,US,B0825LG4J1,Webi,B01MAWLU1L,1
Unjumbly,US,B07BDMN5T2,Homyfort,B01ANEI1G2,1
Finer Wares,US,B08LVK4S7V,Indressme,B07NY9FL2H,1
Finer Wares,US,B09MZLQZSR,Mainevent,B07CYZKDCW,1
Samuel World,US,B0BBM414BZ,Nax Caki,B074M13VK4,1
Gobam,US,B01DTEXFH8,Bambusi,B01N1HZYWZ,1
Gobam,US,B07FRCWT1C,Muso Wood,B0721BQ2YP,1
Gobam,US,B09V187NY8,Greehomede,B01K4AN0JS,1
YangQiHome,US,B07WD79NY8,Ycoco,B08CZGNJPH,1
Zoo Snoods,US,B07P9LTLXQ,Boombone,B0731GN6NH,1
Zoo Snoods,US,B084TTCLWX,Rubie'S,B089P2Y9RK,1
Zoo Snoods,US,B09Q2SF2FG,Joicee,B0731JTVXR,1
Kadams,US,B08CS7XTPX,Secura,B07P33499R,1
Kadams,US,B07H1YKMT9,Homemelinda,B078B631T7,1
Kadams,US,B07H1YKMT9,Homemelinda,B07DFB8N73,1
Velener,US,B09KYCF2PX,Sunprairie,B08HCLLS99,1
Inaya,US,B083NXPNVM,Safety 1st,B07VV5RKM7,1
Inaya,US,B07T65CDHB,Vkania,B07W3JS1LL,1
Inaya,US,B07KY69NLW,Wappa Baby,B07XSFVT1Z,1
Unjumbly,US,B094G2NH69,Aooda,B0895VHXZ9,1
Unjumbly,US,B07WQWNQ65,Hfhome,B01MAWLU1L,1
Finer Wares,US,B099MG4P3W,Yeayee,B07S1DYPT5,1
Finer Wares,US,B07X53N5HX,R Runka,B07NY9FL2H,1
Finer Wares,US,B07HMG7KS3,Wiwaplex,B07CYZKDCW,1
Samuel World,US,B0BRSVN852,Hocerlu,B0868B3HN2,1
Samuel World,US,B08DR6QM2S,Mossime,B074M13VK4,1
Gobam,US,B09ZF1568H,Yitihome,B01N1HZYWZ,1
Gobam,US,B08DKJSGW8,Quellance,B0721BQ2YP,1
YangQiHome,US,B083SLXS8M,Yesland,B08CZGNJPH,1
Zoo Snoods,US,B08RS94PWH,Dorakitten,B0731GN6NH,1
Zoo Snoods,US,B09Q6K1Y3M,Star Wars,B089P2Y9RK,1
Kadams,US,B07ZRJXJFQ,S Sunsbell,B078B631T7,1
Kadams,US,B07ZRJXJFQ,S Sunsbell,B07DFB8N73,1
Inaya,US,B097C7TQ4Q,Long Run Technologies,B07VV5RKM7,1
Inaya,US,B004ECJWK4,Door Monkey,B07W3JS1LL,1
Inaya,US,B00YQ79GC6,Door Buddy,B07XSFVT1Z,1
Unjumbly,US,B08GK9S947,Decolore,B01MAWLU1L,1
Finer Wares,US,B07Z7G7CK2,Winsharp,B07CYZKDCW,1
Samuel World,US,B08B6DZMMQ,Zdpmk,B074M13VK4,1
Gobam,US,B0BMFCX3LT,Lenwi,B01N1HZYWZ,1
Gobam,US,B09TP7MJSH,Kyraton,B0721BQ2YP,1
Zoo Snoods,US,B08TTZNSFM,Ixiaopet,B0731GN6NH,1
Zoo Snoods,US,B0B4T438C7,Star Wars,B089P2Y9RK,1
Inaya,US,B004FI5MHO,Safety 1st,B07VV5RKM7,1
Inaya,US,B08Y64BZ54,Qt Baby,B07W3JS1LL,1
Inaya,US,B001QKGLZQ,Safety Innovations,B07XSFVT1Z,1
Finer Wares,US,B08GJW1WQP,Cradle Star,B07S1DYPT5,1
Finer Wares,US,B08GCPS4DH,Humbson,B07NY9FL2H,1
Samuel World,US,B08B6DZMMQ,Zdpmk,B074M13VK4,1
Gobam,US,B0967K6L27,Yarlung,B01N1HZYWZ,1
Zoo Snoods,US,B09ZGYVTSL,Star Wars,B089P2Y9RK,1
Inaya,US,B0B48SSQTF,Kp'S Variety,B07VV5RKM7,1
Inaya,US,B01AW3XLBE,Skyla Homes,B07W3JS1LL,1
Inaya,US,B088J9LG6D,Wappa Baby,B07XSFVT1Z,1
Finer Wares,US,B09XMS3J2D,Proate,B07NY9FL2H,1
Gobam,US,B0931Y2ZJ4,Zpirates,B01N1HZYWZ,1
Gobam,US,B01IWT97V8,The Original Kitchen Cooperative,B0721BQ2YP,1
